[
  {
    "id": 94,
    "title": "new arrivals Fashion motocross goggles",
    "description": "new arrivals Fashion motocross goggles motorcycle motocross racing motorcycle",
    "price": 900,
    "discountPercentage": 3.85,
    "rating": 4.06,
    "stock": 109,
    "brand": "JIEPOLLY",
    "category": "motorcycle",
    "thumbnail": "https://i.dummyjson.com/data/products/94/thumbnail.webp",
    "images": [
      "https://i.dummyjson.com/data/products/94/1.webp",
      "https://i.dummyjson.com/data/products/94/2.jpg",
      "https://i.dummyjson.com/data/products/94/3.jpg",
      "https://i.dummyjson.com/data/products/94/thumbnail.webp"
    ]
  }
]
